company,phone,email,website,address,city,state,rating,reviews,lead_score,tier
Rockford Epoxy Pros,(815) 555-0101,info@rockfordepoxypros.com,https://rockfordepoxypros.com,"412 N Main St, Rockford, IL 61101",Rockford,IL,4.8,47,90,HOT
Illini Polyaspartic Floors,(815) 555-0505,quote@illinifloors.com,https://illinifloors.com,"705 Ridge Ave, Rockford, IL 61102",Rockford,IL,4.7,28,90,HOT
Rockford Decorative Concrete Co.,(815) 555-0909,info@rockforddecorative.com,https://rockforddecorative.com,"1200 Kishwaukee St, Rockford, IL 61104",Rockford,IL,4.7,41,90,HOT
RockTown Floor Systems,(815) 555-0303,contact@rocktownfloors.com,https://rocktownfloors.com,"1540 Charles St, Rockford, IL 61104",Rockford,IL,4.9,62,75,HOT
Prairie State Concrete & Coating,(815) 555-0202,hello@prairiestatecoating.com,https://prairiestatecoating.com,"829 E State St, Rockford, IL 61104",Rockford,IL,4.6,31,70,WARM
Forest City Industrial Coatings,(815) 555-0808,bids@forestcitycoatings.com,https://forestcitycoatings.com,"600 Seventh St, Rockford, IL 61104",Rockford,IL,4.6,35,70,WARM
Rock River Flooring & Restoration,(815) 555-0606,info@rockriverflooring.com,https://rockriverflooring.com,"3310 Auburn St, Rockford, IL 61101",Rockford,IL,4.5,14,67,WARM
Stateline Concrete Specialists,(815) 555-0707,service@statelineconcrete.com,https://statelineconcrete.com,"4120 Brendenwood Rd, Rockford, IL 61107",Rockford,IL,4.3,22,65,WARM
Midwest Surface Solutions,(815) 555-0404,sales@midwestsurface.com,https://midwestsurface.com,"2003 11th St, Rockford, IL 61109",Rockford,IL,4.4,19,62,WARM
Northern IL Floor Prep & Grind,(815) 555-1010,estimate@nilfloorprep.com,https://nilfloorprep.com,"2788 McFarland Rd, Rockford, IL 61107",Rockford,IL,4.2,11,62,WARM
SBRI Epoxy,,,,5.0,Rockford,IL,5,0,55,WARM
Diedrich Epoxy Flooring,,,,5.0,Rockford,IL,5,0,55,WARM
Perry's Decorative Concrete and Painting,,,,4.8,Rockford,IL,4.8,0,55,WARM
Epoxy Worx - Concrete Coatings,,,,4.8,Rockford,IL,4.8,0,55,WARM
Deluxe Epoxy Flooring,,,,4.8,Rockford,IL,4.8,0,55,WARM
Naperville Painting and Epoxy Flooring,,,,4.7,Rockford,IL,4.7,0,55,WARM
Epoxy & Sealing Systems,,,,5.0,Rockford,IL,5,0,55,WARM
James Concrete Polishing,,,,4.6,Rockford,IL,4.6,0,55,WARM
Lifestyle-Garage Concrete Floor Coatings,,,,4.9,Rockford,IL,4.9,0,50,WARM
Superior Epoxy,,,,4.3,Rockford,IL,4.3,0,50,WARM
Grote Automotive - Rockford,,,,4.6,Rockford,IL,4.6,0,50,WARM
Andys Automotive Repair,,,,5.0,Rockford,IL,5,0,50,WARM
Buchanan Auto Repair,,,,4.9,Rockford,IL,4.9,0,50,WARM
Premier Auto Repairs,,,,5.0,Rockford,IL,5,0,50,WARM
Gottman's Automotive Service,,,,4.8,Rockford,IL,4.8,0,50,WARM
"HyTech Automotive, Inc.",,,,4.7,Rockford,IL,4.7,0,50,WARM
Bove's Auto Repair,,,,4.8,Rockford,IL,4.8,0,50,WARM
Auto Body Specialists Inc,,,,4.7,Rockford,IL,4.7,0,50,WARM
Clendening Auto Body,,,,4.9,Rockford,IL,4.9,0,50,WARM
Leo's Auto Body,,,,4.8,Rockford,IL,4.8,0,50,WARM
"Village Auto Body Repair, Inc",,,,4.8,Rockford,IL,4.8,0,50,WARM
P&L Auto Body Inc.,,,,4.9,Rockford,IL,4.9,0,50,WARM
Power Road Auto Body,,,,4.6,Rockford,IL,4.6,0,50,WARM
J R's Truck Repair,,,,4.6,Rockford,IL,4.6,0,50,WARM
Scott's RV Truck and Auto Repair,,,,4.7,Rockford,IL,4.7,0,50,WARM
Rockford Pro’s Truck repair,,,,4.9,Rockford,IL,4.9,0,50,WARM
BA MOBILE TRUCK REPAIR LLC,,,,4.6,Rockford,IL,4.6,0,50,WARM
"Fleet Maintenance Services Peru, IL",,,,5.0,Rockford,IL,5,0,50,WARM
"Folkerts Manufacturing, Inc",,,,5.0,Rockford,IL,5,0,50,WARM
The Factory Roofing,,,,5.0,Rockford,IL,5,0,50,WARM
425 Manufacturing,,,,5.0,Rockford,IL,5,0,50,WARM
Parkside Warehouse Inc,,,,4.5,Rockford,IL,4.5,0,50,WARM
PCI warehouse,,,,4.6,Rockford,IL,4.6,0,50,WARM
Pella Window and Door Office/Warehouse of Rockford,,,,4.6,Rockford,IL,4.6,0,50,WARM
Warehouse Distribution Services LLC,,,,5.0,Rockford,IL,5,0,50,WARM
Meiborg Harrison Ave - Warehouse,,,,4.6,Rockford,IL,4.6,0,50,WARM
Area Mechanical Inc,,,,4.7,Rockford,IL,4.7,0,50,WARM
Tonys Auto Repair Rockford,,,,4.4,Rockford,IL,4.4,0,45,COLD
Rockford Liquidation Warehouse,,,,4.1,Rockford,IL,4.1,0,45,COLD
Lowe's Regional Distribution Center,,,,4.3,Rockford,IL,4.3,0,45,COLD
Lowe's Distribution Center,,,,4.1,Rockford,IL,4.1,0,45,COLD
Epoxy Rockford,,,,· 3944 Auburn St,Rockford,IL,0,0,40,COLD
Rockford Auto Repair,,,,3.8,Rockford,IL,3.8,0,40,COLD
AA Heavy Truck Repair,,,,3.7,Rockford,IL,3.7,0,40,COLD
Brynolf Manufacturing Inc,,,,3.9,Rockford,IL,3.9,0,40,COLD
Custom Concrete Coatings,,,,5.0,Rockford,IL,5,0,35,COLD
FM Floor Coatings,,,,5.0,Rockford,IL,5,0,35,COLD
Floorplay Handyman Services,,,,4.6,Rockford,IL,4.6,0,35,COLD
ME Coatings,,,,5.0,Rockford,IL,5,0,35,COLD
Floor It Remodeling,,,,4.8,Rockford,IL,4.8,0,35,COLD
Kelce And Company,,,,4.9,Rockford,IL,4.9,0,35,COLD
J & Sons Coatings,,,,5.0,Rockford,IL,5,0,35,COLD
Specialty Floors Inc,,,,5.0,Rockford,IL,5,0,35,COLD
S S concrete coatings llc,,,,4.7,Rockford,IL,4.7,0,35,COLD
Flooring Trends,,,,5.0,Rockford,IL,5,0,35,COLD
Alpine Flooring,,,,5.0,Rockford,IL,5,0,35,COLD
Seams Right Flooring,,,,5.0,Rockford,IL,5,0,35,COLD
Integrity Concrete Coatings,,,,4.9,Rockford,IL,4.9,0,35,COLD
Encore Concrete Coatings,,,,4.7,Rockford,IL,4.7,0,35,COLD
A A Construction Concrete,,,,4.8,Rockford,IL,4.8,0,35,COLD
TSR Concrete Coatings,,,,4.8,Rockford,IL,4.8,0,35,COLD
Midwest Floor Shield,,,,4.5,Rockford,IL,4.5,0,35,COLD
The Flooring Store at Benson Stone,,,,4.9,Rockford,IL,4.9,0,35,COLD
Blue Ribbon Premier Hardwoods,,,,4.9,Rockford,IL,4.9,0,35,COLD
Concrete Coating Xperts,,,,4.9,Rockford,IL,4.9,0,35,COLD
Extreme Concrete Coating,,,,5.0,Rockford,IL,5,0,35,COLD
Metal Prep Services Inc.,,,,4.6,Rockford,IL,4.6,0,35,COLD
Armoured Exteriors,,,,4.9,Rockford,IL,4.9,0,35,COLD
PAB Concrete Cutting,,,,5.0,Rockford,IL,5,0,35,COLD
Concrete Problem Solvers,,,,4.6,Rockford,IL,4.6,0,35,COLD
Iron Concrete Contractors Rockford,,,,5.0,Rockford,IL,5,0,35,COLD
Superior Concrete Raising And Replacement,,,,5.0,Rockford,IL,5,0,35,COLD
Rockford Concrete Pros,,,,5.0,Rockford,IL,5,0,35,COLD
Premier Concrete Construction Inc,,,,5.0,Rockford,IL,5,0,35,COLD
Lawrence Construction,,,,5.0,Rockford,IL,5,0,35,COLD
Brady's Waterproofing & Concrete,,,,5.0,Rockford,IL,5,0,35,COLD
Gonzalez Concrete & Construction,,,,5.0,Rockford,IL,5,0,35,COLD
JB Stand Concrete LLC,,,,4.9,Rockford,IL,4.9,0,35,COLD
All-Concrete,,,,4.6,Rockford,IL,4.6,0,35,COLD
BNK Concrete LLC,,,,4.5,Rockford,IL,4.5,0,35,COLD
F&A concrete and rental,,,,4.9,Rockford,IL,4.9,0,35,COLD
Reyes Masonry,,,,5.0,Rockford,IL,5,0,35,COLD
Tom's Sealcoating,,,,4.9,Rockford,IL,4.9,0,35,COLD
S&J Seal Coating & Snow Plowing inc,,,,4.6,Rockford,IL,4.6,0,35,COLD
Gaard LLC,,,,4.8,Rockford,IL,4.8,0,35,COLD
Stateline koatings,,,,5.0,Rockford,IL,5,0,35,COLD
Rock River Valley Painting Co,,,,5.0,Rockford,IL,5,0,35,COLD
Valley Welding & Flame Spray,,,,4.8,Rockford,IL,4.8,0,35,COLD
Quality Coating & Blasting,,,,5.0,Rockford,IL,5,0,35,COLD
K & J Finishing Inc,,,,5.0,Rockford,IL,5,0,35,COLD
Safeway Services of Rockford Inc.,,,,4.6,Rockford,IL,4.6,0,35,COLD
Seven Five Customs,,,,5.0,Rockford,IL,5,0,35,COLD
"A.A.T. Infrared, Inc.",,,,4.5,Rockford,IL,4.5,0,35,COLD
Bob's Blasting Service,,,,5.0,Rockford,IL,5,0,35,COLD
Fox Valley Sandblasting & Powder Coating,,,,4.7,Rockford,IL,4.7,0,35,COLD
MJN Powder Coating & Sandblasting,,,,4.7,Rockford,IL,4.7,0,35,COLD
Surface Refinishing Technology,,,,4.9,Rockford,IL,4.9,0,35,COLD
Forest City Grinding Inc,,,,5.0,Rockford,IL,5,0,35,COLD
Twins Auto Mall,,,,4.6,Rockford,IL,4.6,0,35,COLD
Rockford Auto Group LLC,,,,4.7,Rockford,IL,4.7,0,35,COLD
Bachrodt On State Supercenter,,,,4.6,Rockford,IL,4.6,0,35,COLD
Forest City Motor Co,,,,4.8,Rockford,IL,4.8,0,35,COLD
Wheels by R.T.,,,,4.9,Rockford,IL,4.9,0,35,COLD
World Class Motors Inc,,,,4.6,Rockford,IL,4.6,0,35,COLD
Auto Clinic Of Rockford,,,,4.9,Rockford,IL,4.9,0,35,COLD
Marks Auto Service of Rockford,,,,4.6,Rockford,IL,4.6,0,35,COLD
T J's Auto Center Inc,,,,4.5,Rockford,IL,4.5,0,35,COLD
Mike's Auto Service,,,,4.6,Rockford,IL,4.6,0,35,COLD
Teds Auto Service,,,,4.8,Rockford,IL,4.8,0,35,COLD
Butitta Auto – Rockford on Alpine Rd.,,,,4.8,Rockford,IL,4.8,0,35,COLD
GreatWater 360 Auto Care,,,,4.7,Rockford,IL,4.7,0,35,COLD
Kurt's Lube Express & Service Center,,,,4.7,Rockford,IL,4.7,0,35,COLD
Butitta Auto – Rockford on Mill Rd.,,,,4.7,Rockford,IL,4.7,0,35,COLD
Plaza Auto Clinic,,,,4.7,Rockford,IL,4.7,0,35,COLD
C & S Auto Service,,,,4.7,Rockford,IL,4.7,0,35,COLD
Butitta Auto – Rockford on Main St.,,,,4.6,Rockford,IL,4.6,0,35,COLD
Alpine Body Shop Inc,,,,4.9,Rockford,IL,4.9,0,35,COLD
Arbisi 's City Body Shop,,,,4.8,Rockford,IL,4.8,0,35,COLD
Caliber Collision,,,,4.9,Rockford,IL,4.9,0,35,COLD
Anderson Body Shop,,,,4.5,Rockford,IL,4.5,0,35,COLD
Dom Paris & Sons Collision Center,,,,5.0,Rockford,IL,5,0,35,COLD
Rockford truck and trailer repair,,,,5.0,Rockford,IL,5,0,35,COLD
K.O. Truck & Auto Service Center,,,,4.8,Rockford,IL,4.8,0,35,COLD
Scouts Truck and Trailer Repair,,,,5.0,Rockford,IL,5,0,35,COLD
Decker 24 HR Truck & Trailer Inc,,,,4.6,Rockford,IL,4.6,0,35,COLD
Lakeside International Trucks Parts & Service,,,,5.0,Rockford,IL,5,0,35,COLD
Tom's Truck And Trailer Repair,,,,4.6,Rockford,IL,4.6,0,35,COLD
Spartan Truck Center,,,,4.9,Rockford,IL,4.9,0,35,COLD
"Kurt's Auto & Truck Center, Inc",,,,4.7,Rockford,IL,4.7,0,35,COLD
Bc Truck Services Inc,,,,5.0,Rockford,IL,5,0,35,COLD
Midwest Mobile Fleet Services Inc.,,,,4.7,Rockford,IL,4.7,0,35,COLD
Fleet Feet Rockford,,,,4.9,Rockford,IL,4.9,0,35,COLD
FleetPride,,,,4.5,Rockford,IL,4.5,0,35,COLD
Fleet Service Center Inc,,,,4.7,Rockford,IL,4.7,0,35,COLD
"JM Construction Group, LLC",,,,4.7,Rockford,IL,4.7,0,35,COLD
Cord Construction Co,,,,4.6,Rockford,IL,4.6,0,35,COLD
Premier General Contractor,,,,4.8,Rockford,IL,4.8,0,35,COLD
"Building Systems, Inc.",,,,4.5,Rockford,IL,4.5,0,35,COLD
Bufalo Contracting,,,,4.8,Rockford,IL,4.8,0,35,COLD
TS Industries,,,,5.0,Rockford,IL,5,0,35,COLD
Castle Contracting,,,,4.9,Rockford,IL,4.9,0,35,COLD
MGM-K Contractors Inc.,,,,4.7,Rockford,IL,4.7,0,35,COLD
Rockford Commercial Warehouse,,,,3.0,Rockford,IL,3,0,35,COLD
Foundation Building Materials,,,,4.6,Rockford,IL,4.6,0,35,COLD
Benson Stone Company,,,,4.7,Rockford,IL,4.7,0,35,COLD
Container Depot Rockford CDCO,,,,4.9,Rockford,IL,4.9,0,35,COLD
"Nevers and Company, Inc.",,,,4.7,Rockford,IL,4.7,0,35,COLD
White Cap,,,,4.5,Rockford,IL,4.5,0,35,COLD
Richards Building Supply,,,,4.8,Rockford,IL,4.8,0,35,COLD
The Caldwell Group - Distribution Center,,,,· 2136 12th St,Rockford,IL,0,0,35,COLD
Berner Food & Beverage Distribution Center,,,,2.4,Rockford,IL,2.4,0,35,COLD
USDem Commercial Demolition Contractors,,,,4.6,Rockford,IL,4.6,0,35,COLD
SRS Building Products,,,,4.8,Rockford,IL,4.8,0,35,COLD
National Business & Industrial Center,,,,5.0,Rockford,IL,5,0,35,COLD
Northwestern Il Building & Construction,,,,5.0,Rockford,IL,5,0,35,COLD
Aspen Construction Systems Inc,,,,5.0,Rockford,IL,5,0,35,COLD
Technical Maintenance Inc.,,,,4.8,Rockford,IL,4.8,0,35,COLD
Top A1 Contracting,,,,4.9,Rockford,IL,4.9,0,35,COLD
Northern IL Maintenance Solutions llc,,,,5.0,Rockford,IL,5,0,35,COLD
Intex Maintenance Systems,,,,5.0,Rockford,IL,5,0,35,COLD
"Morgan Building Maintenance, Inc.",,,,4.7,Rockford,IL,4.7,0,35,COLD
A-1 Quality Construction,,,,4.9,Rockford,IL,4.9,0,35,COLD
Rockford Industrial Equipment,,,,5.0,Rockford,IL,5,0,35,COLD
Illinois Military Maintenance / Commercial Janitorial Services,,,,5.0,Rockford,IL,5,0,35,COLD
Stateline Carpet & Flooring LLC,,,,4.6,Rockford,IL,4.6,0,35,COLD
Carpetland USA,,,,4.6,Rockford,IL,4.6,0,35,COLD
Ramos Wood Floors LLC,,,,5.0,Rockford,IL,5,0,35,COLD
Ceramic tile company,,,,5.0,Rockford,IL,5,0,35,COLD
Image Pro's,,,,4.2,Rockford,IL,4.2,0,30,COLD
Northern Illinois Concrete Lifting Inc.,,,,4.3,Rockford,IL,4.3,0,30,COLD
Cream city concrete contractors,,,,4.3,Rockford,IL,4.3,0,30,COLD
Early’s Stampcrete Co Inc,,,,4.2,Rockford,IL,4.2,0,30,COLD
Rock Valley Concrete Cutting,,,,4.0,Rockford,IL,4,0,30,COLD
"Concrete Systems, Inc.",,,,4.0,Rockford,IL,4,0,30,COLD
TLD Construction LLC,,,,4.0,Rockford,IL,4,0,30,COLD
"Olmeca Concrete, Inc.",,,,4.1,Rockford,IL,4.1,0,30,COLD
Paul Larson Concrete,,,,4.3,Rockford,IL,4.3,0,30,COLD
Ablaze Welding & Fabricating,,,,4.4,Rockford,IL,4.4,0,30,COLD
Joe's Sandblasting & Painting,,,,4.0,Rockford,IL,4,0,30,COLD
BMB Flooring & More L.L.C.,,,,4.3,Rockford,IL,4.3,0,30,COLD
Lou Bachrodt Auto Mall,,,,4.3,Rockford,IL,4.3,0,30,COLD
Byrider Rockford,,,,4.4,Rockford,IL,4.4,0,30,COLD
Lou Bachrodt Chevrolet Service Center,,,,4.4,Rockford,IL,4.4,0,30,COLD
Anderson Rock River Ford,,,,4.4,Rockford,IL,4.4,0,30,COLD
Anderson's Rock River Ford Service,,,,4.1,Rockford,IL,4.1,0,30,COLD
Anderson Chrysler Dodge Jeep Ram,,,,4.3,Rockford,IL,4.3,0,30,COLD
"Blain's Farm & Fleet Tires and Auto Service Center - Rockford, IL",,,,4.4,Rockford,IL,4.4,0,30,COLD
Sinnissippi Motors,,,,4.4,Rockford,IL,4.4,0,30,COLD
Auto Solutions of Rockford,,,,4.2,Rockford,IL,4.2,0,30,COLD
Napleton Care Rockford,,,,4.4,Rockford,IL,4.4,0,30,COLD
Lou Bachrodt Chevrolet,,,,4.1,Rockford,IL,4.1,0,30,COLD
Kar Kraft Inc.,,,,4.3,Rockford,IL,4.3,0,30,COLD
"BENNY & SONS BODY SHOP, INC.",,,,4.3,Rockford,IL,4.3,0,30,COLD
Parson's General Body Shop,,,,4.1,Rockford,IL,4.1,0,30,COLD
LSC Body Shop,,,,4.1,Rockford,IL,4.1,0,30,COLD
Gerber Collision & Glass,,,,4.1,Rockford,IL,4.1,0,30,COLD
Quality Auto Inc Collision Center,,,,4.2,Rockford,IL,4.2,0,30,COLD
McVeigh's Truck Center Inc,,,,4.4,Rockford,IL,4.4,0,30,COLD
Meiborg Enterprises,,,,4.4,Rockford,IL,4.4,0,30,COLD
TA Truck Service,,,,4.2,Rockford,IL,4.2,0,30,COLD
FleetPride Service Center,,,,4.2,Rockford,IL,4.2,0,30,COLD
"Blain's Farm & Fleet - Rockford, Illinois",,,,4.4,Rockford,IL,4.4,0,30,COLD
"Blain's Farm & Fleet Tires and Auto Service Center - Loves Park, IL",,,,4.3,Rockford,IL,4.3,0,30,COLD
Fleet Service,,,,4.3,Rockford,IL,4.3,0,30,COLD
"Blain's Farm & Fleet - Loves Park, Illinois",,,,4.4,Rockford,IL,4.4,0,30,COLD
Rockford Specialties Co,,,,4.1,Rockford,IL,4.1,0,30,COLD
Accelerated Machine Design and Engineering LLC,,,,4.4,Rockford,IL,4.4,0,30,COLD
"Andco Kitchens & Baths, Inc.",,,,4.1,Rockford,IL,4.1,0,30,COLD
ABC Supply Co. Inc.,,,,4.0,Rockford,IL,4,0,30,COLD
Construction Specialties,,,,4.4,Rockford,IL,4.4,0,30,COLD
Pierce Distribution Services,,,,4.2,Rockford,IL,4.2,0,30,COLD
Senator International,,,,4.1,Rockford,IL,4.1,0,30,COLD
"Canyon Flooring, Kitchen & Bath",,,,4.1,Rockford,IL,4.1,0,30,COLD
"Lind Boomer Flooring, Remodeling & Construction.",,,,4.4,Rockford,IL,4.4,0,30,COLD
Lonnie's Carpetmax,,,,4.0,Rockford,IL,4,0,30,COLD
"Regalia Flooring, installation and refinishing",,,,3.7,Rockford,IL,3.7,0,25,COLD
amigos flat concrete,,,,3.9,Rockford,IL,3.9,0,25,COLD
Creative Concrete & Landscape,,,,3.7,Rockford,IL,3.7,0,25,COLD
Serrano's Concrete,,,,3.7,Rockford,IL,3.7,0,25,COLD
Campos Construction Inc,,,,3.8,Rockford,IL,3.8,0,25,COLD
Auto Outlets USA,,,,3.9,Rockford,IL,3.9,0,25,COLD
Auto Beautifiers,,,,3.9,Rockford,IL,3.9,0,25,COLD
P M Body Shop,,,,3.6,Rockford,IL,3.6,0,25,COLD
Maggio Truck Center,,,,3.9,Rockford,IL,3.9,0,25,COLD
JX Truck Center - Rockford,,,,3.8,Rockford,IL,3.8,0,25,COLD
AAR,,,,3.6,Rockford,IL,3.6,0,25,COLD
Meiborg Brothers Inc,,,,3.5,Rockford,IL,3.5,0,25,COLD
Moman Construction,,,,3.9,Rockford,IL,3.9,0,25,COLD
IMI Precision Engineering Rockford,,,,3.7,Rockford,IL,3.7,0,25,COLD
RMI Steel,,,,3.6,Rockford,IL,3.6,0,25,COLD
mr sealer inc,,,,Open 24 hours,Rockford,IL,0,0,20,COLD
Foxy Flooring,,,,· 7836 N 2nd St,Rockford,IL,0,0,20,COLD
Cobra Concrete Cutting Services Co.,,,,· 1910 23rd Ave,Rockford,IL,0,0,20,COLD
Beechner Heat Treating Company Inc.,,,,3.0,Rockford,IL,3,0,20,COLD
Sub Source Inc,,,,3.4,Rockford,IL,3.4,0,20,COLD
Northern Illinois Eco-Blasting,,,,1.0,Rockford,IL,1,0,20,COLD
Speedway Auto Mall,,,,3.4,Rockford,IL,3.4,0,20,COLD
Alonso's Body Shop,,,,3.3,Rockford,IL,3.3,0,20,COLD
FAST LANE FLEET SERVICES,,,,Closes soon · 5 PM · Opens 9 AM Sat,Rockford,IL,0,0,20,COLD
Rockford Structures Construction Company,,,,3.0,Rockford,IL,3,0,20,COLD
Gunite Corporation,,,,3.4,Rockford,IL,3.4,0,20,COLD
"Area Erectors, Inc.",,,,3.3,Rockford,IL,3.3,0,20,COLD
"MDM Construction Supply, LLC",,,,· 815 N Church St,Rockford,IL,0,0,20,COLD
PCI,,,,3.0,Rockford,IL,3,0,20,COLD
Surface Maintenance Services Inc,,,,2.3,Rockford,IL,2.3,0,20,COLD
Midwest Millwright Services Inc.,,,,· 3025 Wallin Ave,Rockford,IL,0,0,20,COLD
ABM - Facility Services,,,,2.1,Rockford,IL,2.1,0,20,COLD
Rock Valley Industries LLC,,,,3.4,Rockford,IL,3.4,0,20,COLD
