company,phone,email,website,address,city,state,rating,reviews,lead_score,tier
SBRI Epoxy,,,,5.0,Rockford,IL,5,0,55,WARM
Diedrich Epoxy Flooring,,,,5.0,Rockford,IL,5,0,55,WARM
Perry's Decorative Concrete and Painting,,,,4.8,Rockford,IL,4.8,0,55,WARM
Epoxy Worx - Concrete Coatings,,,,4.8,Rockford,IL,4.8,0,55,WARM
Naperville Painting and Epoxy Flooring,,,,4.7,Rockford,IL,4.7,0,55,WARM
Deluxe Epoxy Flooring,,,,4.8,Rockford,IL,4.8,0,55,WARM
James Concrete Polishing,,,,4.6,Rockford,IL,4.6,0,55,WARM
Omega Grind LLC - Concrete Polishing and Epoxy Flooring,,,,5.0,Rockford,IL,5,0,55,WARM
Elegant Epoxy Flooring,,,,4.7,Rockford,IL,4.7,0,55,WARM
Miller’s Epoxy Solutions,,,,5.0,Rockford,IL,5,0,55,WARM
Route 84 Epoxy Floors,,,,5.0,Rockford,IL,5,0,55,WARM
Central Illinois Epoxy LLC,,,,5.0,Rockford,IL,5,0,55,WARM
Garage Floor Coating of Central Illinois,,,,5.0,Rockford,IL,5,0,55,WARM
Precision Epoxy,,,,5.0,Rockford,IL,5,0,55,WARM
PERFECT EPOXY FLOOR COATING LLC,,,,4.7,Rockford,IL,4.7,0,55,WARM
Chi Resin Custom Coatings,,,,4.9,Rockford,IL,4.9,0,55,WARM
ECM Epoxy Flooring,,,,5.0,Rockford,IL,5,0,55,WARM
Majestic Coatings - Epoxy Floors,,,,5.0,Rockford,IL,5,0,55,WARM
Flawless Epoxy Inc,,,,4.9,Rockford,IL,4.9,0,55,WARM
Diamond Finish Epoxy,,,,5.0,Rockford,IL,5,0,55,WARM
EpoxyCraft Epoxy Flooring,,,,5.0,Rockford,IL,5,0,55,WARM
Epoxy Champions,,,,5.0,Rockford,IL,5,0,55,WARM
A to Z Epoxy LLC,,,,5.0,Rockford,IL,5,0,55,WARM
Ace Epoxy Coatings,,,,5.0,Rockford,IL,5,0,55,WARM
Affordable Epoxy LLC,,,,4.9,Rockford,IL,4.9,0,55,WARM
Elegant Epoxy FloorCare,,,,5.0,Rockford,IL,5,0,55,WARM
Superior Epoxy Flooring,,,,4.7,Rockford,IL,4.7,0,55,WARM
Epoxy Floor Chicago,,,,5.0,Rockford,IL,5,0,55,WARM
Roder Epoxy LLC,,,,5.0,Rockford,IL,5,0,55,WARM
Lifestyle-Garage Concrete Floor Coatings,,,,4.9,Rockford,IL,4.9,0,50,WARM
Superior Epoxy,,,,4.3,Rockford,IL,4.3,0,50,WARM
Bove's Auto Repair,,,,4.8,Rockford,IL,4.8,0,50,WARM
Andys Automotive Repair,,,,5.0,Rockford,IL,5,0,50,WARM
Gottman's Automotive Service,,,,4.8,Rockford,IL,4.8,0,50,WARM
"HyTech Automotive, Inc.",,,,4.7,Rockford,IL,4.7,0,50,WARM
Premier Auto Repairs,,,,5.0,Rockford,IL,5,0,50,WARM
Grote Automotive - Rockford,,,,4.6,Rockford,IL,4.6,0,50,WARM
Auto Body Specialists Inc,,,,4.7,Rockford,IL,4.7,0,50,WARM
Clendening Auto Body,,,,4.9,Rockford,IL,4.9,0,50,WARM
Leo's Auto Body,,,,4.8,Rockford,IL,4.8,0,50,WARM
P&L Auto Body Inc.,,,,4.9,Rockford,IL,4.9,0,50,WARM
"Village Auto Body Repair, Inc",,,,4.8,Rockford,IL,4.8,0,50,WARM
J R's Truck Repair,,,,4.6,Rockford,IL,4.6,0,50,WARM
Scott's RV Truck and Auto Repair,,,,4.7,Rockford,IL,4.7,0,50,WARM
Rockford Pro’s Truck repair,,,,4.9,Rockford,IL,4.9,0,50,WARM
BA MOBILE TRUCK REPAIR LLC,,,,4.6,Rockford,IL,4.6,0,50,WARM
"Fleet Maintenance Services Peru, IL",,,,5.0,Rockford,IL,5,0,50,WARM
J&A Fleet Maintenance,,,,4.5,Rockford,IL,4.5,0,50,WARM
"Folkerts Manufacturing, Inc",,,,5.0,Rockford,IL,5,0,50,WARM
The Factory Roofing,,,,5.0,Rockford,IL,5,0,50,WARM
425 Manufacturing,,,,5.0,Rockford,IL,5,0,50,WARM
Warehouse Distribution Services LLC,,,,5.0,Rockford,IL,5,0,50,WARM
Parkside Warehouse Inc,,,,4.5,Rockford,IL,4.5,0,50,WARM
PCI warehouse,,,,4.6,Rockford,IL,4.6,0,50,WARM
Pella Window and Door Office/Warehouse of Rockford,,,,4.6,Rockford,IL,4.6,0,50,WARM
Meiborg Harrison Ave - Warehouse,,,,4.6,Rockford,IL,4.6,0,50,WARM
Area Mechanical Inc,,,,4.7,Rockford,IL,4.7,0,50,WARM
De Reu Decorative Concrete,,,,4.0,Rockford,IL,4,0,50,WARM
Garage Force of East Central lllinois,,,,4.8,Rockford,IL,4.8,0,50,WARM
Garage Force of Fox Valley,,,,5.0,Rockford,IL,5,0,50,WARM
GarageExperts of Central Illinois,,,,5.0,Rockford,IL,5,0,50,WARM
Garage Force of Schaumburg,,,,5.0,Rockford,IL,5,0,50,WARM
Siffron Warehouse,,,,4.5,Rockford,IL,4.5,0,50,WARM
Garage Cabinets Unlimited,,,,5.0,Rockford,IL,5,0,50,WARM
Garage Flooring Experts,,,,4.8,Rockford,IL,4.8,0,50,WARM
Car Line Auto Body,,,,5.0,Rockford,IL,5,0,50,WARM
Power Road Auto Body,,,,4.6,Rockford,IL,4.6,0,50,WARM
Tonys Auto Repair Rockford,,,,4.4,Rockford,IL,4.4,0,45,COLD
A & M Auto Repair,,,,4.3,Rockford,IL,4.3,0,45,COLD
Rockford Liquidation Warehouse,,,,4.1,Rockford,IL,4.1,0,45,COLD
Lowe's Regional Distribution Center,,,,4.3,Rockford,IL,4.3,0,45,COLD
Lowe's Distribution Center,,,,4.1,Rockford,IL,4.1,0,45,COLD
Builders Warehouse,,,,4.1,Rockford,IL,4.1,0,45,COLD
Anderson Automotive Group,,,,4.2,Rockford,IL,4.2,0,45,COLD
AT Hardwood Flooring Inc,,,,5.0(27),Rockford,IL,5,27,45,COLD
Epoxy Rockford,,,,· 3944 Auburn St,Rockford,IL,0,0,40,COLD
Rockford Auto Repair,,,,3.8,Rockford,IL,3.8,0,40,COLD
Carpenter's Auto Repair,,,,3.8,Rockford,IL,3.8,0,40,COLD
AA Heavy Truck Repair,,,,3.7,Rockford,IL,3.7,0,40,COLD
Brynolf Manufacturing Inc,,,,3.9,Rockford,IL,3.9,0,40,COLD
Fleet Maintenance & Repair Inc.,,,,3.6,Rockford,IL,3.6,0,40,COLD
Custom Concrete Coatings,,,,5.0,Rockford,IL,5,0,35,COLD
FM Floor Coatings,,,,5.0,Rockford,IL,5,0,35,COLD
Floorplay Handyman Services,,,,4.6,Rockford,IL,4.6,0,35,COLD
ME Coatings,,,,5.0,Rockford,IL,5,0,35,COLD
Alpine Flooring,,,,5.0,Rockford,IL,5,0,35,COLD
TSR Concrete Coatings,,,,4.8,Rockford,IL,4.8,0,35,COLD
Floor It Remodeling,,,,4.8,Rockford,IL,4.8,0,35,COLD
Kelce And Company,,,,4.9,Rockford,IL,4.9,0,35,COLD
Specialty Floors Inc,,,,5.0,Rockford,IL,5,0,35,COLD
Flooring Trends,,,,5.0,Rockford,IL,5,0,35,COLD
J & Sons Coatings,,,,5.0,Rockford,IL,5,0,35,COLD
S S concrete coatings llc,,,,4.7,Rockford,IL,4.7,0,35,COLD
Seams Right Flooring,,,,5.0,Rockford,IL,5,0,35,COLD
Integrity Concrete Coatings,,,,4.9,Rockford,IL,4.9,0,35,COLD
A A Construction Concrete,,,,4.8,Rockford,IL,4.8,0,35,COLD
Midwest Floor Shield,,,,4.5,Rockford,IL,4.5,0,35,COLD
Encore Concrete Coatings,,,,4.7,Rockford,IL,4.7,0,35,COLD
Blue Ribbon Premier Hardwoods,,,,4.9,Rockford,IL,4.9,0,35,COLD
Extreme Concrete Coating,,,,5.0,Rockford,IL,5,0,35,COLD
Concrete Shield Coatings Inc,,,,5.0,Rockford,IL,5,0,35,COLD
Iron Concrete Contractors Rockford,,,,5.0,Rockford,IL,5,0,35,COLD
Metal Prep Services Inc.,,,,4.6,Rockford,IL,4.6,0,35,COLD
Armoured Exteriors,,,,4.9,Rockford,IL,4.9,0,35,COLD
PAB Concrete Cutting,,,,5.0,Rockford,IL,5,0,35,COLD
Concrete Problem Solvers,,,,4.6,Rockford,IL,4.6,0,35,COLD
Brady's Waterproofing & Concrete,,,,5.0,Rockford,IL,5,0,35,COLD
Premier Concrete Construction Inc,,,,5.0,Rockford,IL,5,0,35,COLD
Hoffman's Surface Restoration,,,,5.0,Rockford,IL,5,0,35,COLD
Rockford Concrete Pros,,,,5.0,Rockford,IL,5,0,35,COLD
Superior Concrete Raising And Replacement,,,,5.0,Rockford,IL,5,0,35,COLD
Gonzalez Concrete & Construction,,,,5.0,Rockford,IL,5,0,35,COLD
Lawrence Construction,,,,5.0,Rockford,IL,5,0,35,COLD
All-Concrete,,,,4.6,Rockford,IL,4.6,0,35,COLD
JB Stand Concrete LLC,,,,4.9,Rockford,IL,4.9,0,35,COLD
F&A concrete and rental,,,,4.9,Rockford,IL,4.9,0,35,COLD
BNK Concrete LLC,,,,4.5,Rockford,IL,4.5,0,35,COLD
S&J Seal Coating & Snow Plowing inc,,,,4.6,Rockford,IL,4.6,0,35,COLD
Tom's Sealcoating,,,,4.9,Rockford,IL,4.9,0,35,COLD
Gaard LLC,,,,4.8,Rockford,IL,4.8,0,35,COLD
"A.A.T. Infrared, Inc.",,,,4.5,Rockford,IL,4.5,0,35,COLD
R and R Concrete Solutions,,,,4.6,Rockford,IL,4.6,0,35,COLD
Gato Concrete,,,,5.0,Rockford,IL,5,0,35,COLD
Turner Concrete,,,,5.0,Rockford,IL,5,0,35,COLD
"Alpha Concrete Restoration, Inc",,,,5.0,Rockford,IL,5,0,35,COLD
Stateline koatings,,,,5.0,Rockford,IL,5,0,35,COLD
Rock River Valley Painting Co,,,,5.0,Rockford,IL,5,0,35,COLD
Valley Welding & Flame Spray,,,,4.8,Rockford,IL,4.8,0,35,COLD
Quality Coating & Blasting,,,,5.0,Rockford,IL,5,0,35,COLD
K & J Finishing Inc,,,,5.0,Rockford,IL,5,0,35,COLD
Safeway Services of Rockford Inc.,,,,4.6,Rockford,IL,4.6,0,35,COLD
Torque Spec,,,,5.0,Rockford,IL,5,0,35,COLD
Seven Five Customs,,,,5.0,Rockford,IL,5,0,35,COLD
Target Laser & Fabricating,,,,4.9,Rockford,IL,4.9,0,35,COLD
Fox Valley Sandblasting & Powder Coating,,,,4.7,Rockford,IL,4.7,0,35,COLD
MJN Powder Coating & Sandblasting,,,,4.7,Rockford,IL,4.7,0,35,COLD
Bob's Blasting Service,,,,5.0,Rockford,IL,5,0,35,COLD
Forest City Grinding Inc,,,,5.0,Rockford,IL,5,0,35,COLD
Concrete Refinement Co.,,,,5.0,Rockford,IL,5,0,35,COLD
M&H Total Flooring LLC,,,,5.0,Rockford,IL,5,0,35,COLD
Rockford Quality Grinding,,,,5.0,Rockford,IL,5,0,35,COLD
Ro-Pal Grinding Inc.,,,,4.6,Rockford,IL,4.6,0,35,COLD
Unitrim Cement & Landscaping,,,,5.0,Rockford,IL,5,0,35,COLD
Marks Auto Service of Rockford,,,,4.6,Rockford,IL,4.6,0,35,COLD
Auto Clinic Of Rockford,,,,4.9,Rockford,IL,4.9,0,35,COLD
Mike's Auto Service,,,,4.6,Rockford,IL,4.6,0,35,COLD
T J's Auto Center Inc,,,,4.6,Rockford,IL,4.6,0,35,COLD
Jon's Auto Service,,,,4.6,Rockford,IL,4.6,0,35,COLD
Plaza Auto Service,,,,4.8,Rockford,IL,4.8,0,35,COLD
Butitta Auto – Rockford on Alpine Rd.,,,,4.8,Rockford,IL,4.8,0,35,COLD
Butitta Auto – Rockford on Main St.,,,,4.6,Rockford,IL,4.6,0,35,COLD
Kurt's Lube Express & Service Center,,,,4.7,Rockford,IL,4.7,0,35,COLD
C & S Auto Service,,,,4.7,Rockford,IL,4.7,0,35,COLD
Twins Auto Mall,,,,4.6,Rockford,IL,4.6,0,35,COLD
Forest City Motor Co,,,,4.8,Rockford,IL,4.8,0,35,COLD
Bachrodt On State Supercenter,,,,4.6,Rockford,IL,4.6,0,35,COLD
World Class Motors Inc,,,,4.6,Rockford,IL,4.6,0,35,COLD
Wheels by R.T.,,,,4.9,Rockford,IL,4.9,0,35,COLD
Rockford Auto Group LLC,,,,4.6,Rockford,IL,4.6,0,35,COLD
Alpine Body Shop Inc,,,,4.9,Rockford,IL,4.9,0,35,COLD
Arbisi 's City Body Shop,,,,4.8,Rockford,IL,4.8,0,35,COLD
Caliber Collision,,,,4.9,Rockford,IL,4.9,0,35,COLD
Anderson Body Shop,,,,4.5,Rockford,IL,4.5,0,35,COLD
Dom Paris & Sons Collision Center,,,,5.0,Rockford,IL,5,0,35,COLD
Rockford truck and trailer repair,,,,5.0,Rockford,IL,5,0,35,COLD
K.O. Truck & Auto Service Center,,,,4.8,Rockford,IL,4.8,0,35,COLD
Decker 24 HR Truck & Trailer Inc,,,,4.6,Rockford,IL,4.6,0,35,COLD
Tom's Truck And Trailer Repair,,,,4.6,Rockford,IL,4.6,0,35,COLD
Scouts Truck and Trailer Repair,,,,5.0,Rockford,IL,5,0,35,COLD
Lakeside International Trucks Parts & Service,,,,5.0,Rockford,IL,5,0,35,COLD
Spartan Truck Center,,,,4.9,Rockford,IL,4.9,0,35,COLD
"Kurt's Auto & Truck Center, Inc",,,,4.7,Rockford,IL,4.7,0,35,COLD
Bc Truck Services Inc,,,,5.0,Rockford,IL,5,0,35,COLD
Fleet Service Center Inc,,,,4.7,Rockford,IL,4.7,0,35,COLD
Midwest Mobile Fleet Services Inc.,,,,4.7,Rockford,IL,4.7,0,35,COLD
AA Fleet Repair,,,,5.0,Rockford,IL,5,0,35,COLD
Complete Fleet Services,,,,4.6,Rockford,IL,4.6,0,35,COLD
Fleet Feet Rockford,,,,4.9,Rockford,IL,4.9,0,35,COLD
FleetPride,,,,4.5,Rockford,IL,4.5,0,35,COLD
"JM Construction Group, LLC",,,,4.7,Rockford,IL,4.7,0,35,COLD
Cord Construction Co,,,,4.6,Rockford,IL,4.6,0,35,COLD
Premier General Contractor,,,,4.8,Rockford,IL,4.8,0,35,COLD
"Building Systems, Inc.",,,,4.5,Rockford,IL,4.5,0,35,COLD
MGM-K Contractors Inc.,,,,4.7,Rockford,IL,4.7,0,35,COLD
Bufalo Contracting,,,,4.8,Rockford,IL,4.8,0,35,COLD
TS Industries,,,,5.0,Rockford,IL,5,0,35,COLD
"Obsidian Manufacturing Industries, Inc.",,,,· 5015 28th Ave,Rockford,IL,0,0,35,COLD
Castle Contracting,,,,4.9,Rockford,IL,4.9,0,35,COLD
Rockford Commercial Warehouse,,,,3.0,Rockford,IL,3,0,35,COLD
Foundation Building Materials,,,,4.6,Rockford,IL,4.6,0,35,COLD
"Nevers and Company, Inc.",,,,4.7,Rockford,IL,4.7,0,35,COLD
Richards Building Supply,,,,4.8,Rockford,IL,4.8,0,35,COLD
Benson Stone Company,,,,4.7,Rockford,IL,4.7,0,35,COLD
White Cap,,,,4.5,Rockford,IL,4.5,0,35,COLD
Berner Food & Beverage Distribution Center,,,,2.4,Rockford,IL,2.4,0,35,COLD
The Caldwell Group - Distribution Center,,,,· 2136 12th St,Rockford,IL,0,0,35,COLD
USDem Commercial Demolition Contractors,,,,4.6,Rockford,IL,4.6,0,35,COLD
all jobs inc.,,,,5.0,Rockford,IL,5,0,35,COLD
American Rigging & Millwright Service,,,,4.7,Rockford,IL,4.7,0,35,COLD
Top A1 Contracting,,,,4.8,Rockford,IL,4.8,0,35,COLD
ServiceMaster DSI - Rockford,,,,4.6,Rockford,IL,4.6,0,35,COLD
Rockford Industrial Equipment,,,,5.0,Rockford,IL,5,0,35,COLD
The Flooring Store at Benson Stone,,,,4.9,Rockford,IL,4.9,0,35,COLD
Stateline Carpet & Flooring LLC,,,,4.6,Rockford,IL,4.6,0,35,COLD
Carpetland USA,,,,4.6,Rockford,IL,4.6,0,35,COLD
Ceramic tile company,,,,5.0,Rockford,IL,5,0,35,COLD
Ramos Wood Floors LLC,,,,5.0,Rockford,IL,5,0,35,COLD
RSD CONCRETE,,,,4.5,Rockford,IL,4.5,0,35,COLD
Surface Refinishing Technology,,,,4.9,Rockford,IL,4.9,0,35,COLD
Take 5 Oil Change,,,,4.8,Rockford,IL,4.8,0,35,COLD
Transportation Department Maintenance Yard,,,,5.0,Rockford,IL,5,0,35,COLD
Rockford Manufacturing Group,,,,3.0,Rockford,IL,3,0,35,COLD
Home Services at The Home Depot,,,,4.6,Rockford,IL,4.6,0,35,COLD
National Business & Industrial Center,,,,5.0,Rockford,IL,5,0,35,COLD
Technical Maintenance Inc.,,,,4.8,Rockford,IL,4.8,0,35,COLD
Benchmark Flooring Inc,,,,4.7,Rockford,IL,4.7,0,35,COLD
Concrete Coating Xperts,,,,4.9,Rockford,IL,4.9,0,35,COLD
Midwest Surface Coatings,,,,5.0,Rockford,IL,5,0,35,COLD
"Two Brothers Coatings, LLC",,,,5.0,Rockford,IL,5,0,35,COLD
EverSeal Coatings,,,,4.9,Rockford,IL,4.9,0,35,COLD
"Bel Rock Asphalt Paving, Inc.",,,,4.7,Rockford,IL,4.7,0,35,COLD
K.B.Coatings Unlimited Llc.,,,,5.0,Rockford,IL,5,0,35,COLD
Container Depot Rockford CDCO,,,,4.9,Rockford,IL,4.9,0,35,COLD
SRS Building Products,,,,4.8,Rockford,IL,4.8,0,35,COLD
Aspen Construction Systems Inc,,,,5.0,Rockford,IL,5,0,35,COLD
Advanced Concrete Raising & Replacing,,,,4.7,Rockford,IL,4.7,0,35,COLD
Reyes Masonry,,,,5.0,Rockford,IL,5,0,35,COLD
Rockford Molded Products Inc,,,,5.0,Rockford,IL,5,0,35,COLD
Image Pro's,,,,4.2,Rockford,IL,4.2,0,30,COLD
Schmeling Building Supply,,,,4.4,Rockford,IL,4.4,0,30,COLD
Northern Illinois Concrete Lifting Inc.,,,,4.3,Rockford,IL,4.3,0,30,COLD
Cream city concrete contractors,,,,4.3,Rockford,IL,4.3,0,30,COLD
Early’s Stampcrete Co Inc,,,,4.2,Rockford,IL,4.2,0,30,COLD
"Concrete Systems, Inc.",,,,4.0,Rockford,IL,4,0,30,COLD
Rock Valley Concrete Cutting,,,,4.0,Rockford,IL,4,0,30,COLD
Paul Larson Concrete,,,,4.3,Rockford,IL,4.3,0,30,COLD
TLD Construction LLC,,,,4.0,Rockford,IL,4,0,30,COLD
"Olmeca Concrete, Inc.",,,,4.1,Rockford,IL,4.1,0,30,COLD
Sterling Concrete Stamping & Construction Inc,,,,4.4,Rockford,IL,4.4,0,30,COLD
Ablaze Welding & Fabricating,,,,4.4,Rockford,IL,4.4,0,30,COLD
Joe's Sandblasting & Painting,,,,4.0,Rockford,IL,4,0,30,COLD
Ellis & Ellis Inc,,,,4.3,Rockford,IL,4.3,0,30,COLD
Lou Bachrodt Auto Mall,,,,4.3,Rockford,IL,4.3,0,30,COLD
Lou Bachrodt Chevrolet Service Center,,,,4.4,Rockford,IL,4.4,0,30,COLD
Byrider Rockford,,,,4.4,Rockford,IL,4.4,0,30,COLD
Anderson Rock River Ford,,,,4.4,Rockford,IL,4.4,0,30,COLD
Anderson's Rock River Ford Service,,,,4.1,Rockford,IL,4.1,0,30,COLD
"Blain's Farm & Fleet Tires and Auto Service Center - Rockford, IL",,,,4.4,Rockford,IL,4.4,0,30,COLD
Anderson Chrysler Dodge Jeep Ram,,,,4.3,Rockford,IL,4.3,0,30,COLD
Napleton Care Rockford,,,,4.4,Rockford,IL,4.4,0,30,COLD
Lou Bachrodt Chevrolet,,,,4.1,Rockford,IL,4.1,0,30,COLD
Sinnissippi Motors,,,,4.4,Rockford,IL,4.4,0,30,COLD
"BENNY & SONS BODY SHOP, INC.",,,,4.3,Rockford,IL,4.3,0,30,COLD
Kar Kraft Inc.,,,,4.3,Rockford,IL,4.3,0,30,COLD
Parson's General Body Shop,,,,4.1,Rockford,IL,4.1,0,30,COLD
Quality Auto Inc Collision Center,,,,4.2,Rockford,IL,4.2,0,30,COLD
LSC Body Shop,,,,4.1,Rockford,IL,4.1,0,30,COLD
Gerber Collision & Glass,,,,4.1,Rockford,IL,4.1,0,30,COLD
Auto Enhancers Inc.,,,,4.4,Rockford,IL,4.4,0,30,COLD
McVeigh's Truck Center Inc,,,,4.4,Rockford,IL,4.4,0,30,COLD
Meiborg Enterprises,,,,4.4,Rockford,IL,4.4,0,30,COLD
FleetPride Service Center,,,,4.2,Rockford,IL,4.2,0,30,COLD
TA Truck Service,,,,4.2,Rockford,IL,4.2,0,30,COLD
Fleet Service,,,,4.3,Rockford,IL,4.3,0,30,COLD
"Blain's Farm & Fleet Tires and Auto Service Center - Loves Park, IL",,,,4.3,Rockford,IL,4.3,0,30,COLD
"Blain's Farm & Fleet - Rockford, Illinois",,,,4.4,Rockford,IL,4.4,0,30,COLD
Rockford Specialties Co,,,,4.1,Rockford,IL,4.1,0,30,COLD
Accelerated Machine Design and Engineering LLC,,,,4.4,Rockford,IL,4.4,0,30,COLD
"Andco Kitchens & Baths, Inc.",,,,4.1,Rockford,IL,4.1,0,30,COLD
ABC Supply Co. Inc.,,,,4.0,Rockford,IL,4,0,30,COLD
Construction Specialties,,,,4.4,Rockford,IL,4.4,0,30,COLD
Pierce Distribution Services,,,,4.2,Rockford,IL,4.2,0,30,COLD
Senator International,,,,4.1,Rockford,IL,4.1,0,30,COLD
Northern Illinois Service Co.,,,,4.0,Rockford,IL,4,0,30,COLD
Lonnie's Carpetmax,,,,4.0,Rockford,IL,4,0,30,COLD
"Lind Boomer Flooring, Remodeling & Construction.",,,,4.4,Rockford,IL,4.4,0,30,COLD
"Canyon Flooring, Kitchen & Bath",,,,4.1,Rockford,IL,4.1,0,30,COLD
BMB Flooring & More L.L.C.,,,,4.3,Rockford,IL,4.3,0,30,COLD
"Blain's Farm & Fleet - Loves Park, Illinois",,,,4.4,Rockford,IL,4.4,0,30,COLD
Auto Solutions of Rockford,,,,4.2,Rockford,IL,4.2,0,30,COLD
Auto Works Inc,,,,4.4,Rockford,IL,4.4,0,30,COLD
"Regalia Flooring, installation and refinishing",,,,3.7,Rockford,IL,3.7,0,25,COLD
amigos flat concrete,,,,3.9,Rockford,IL,3.9,0,25,COLD
Serrano's Concrete,,,,3.7,Rockford,IL,3.7,0,25,COLD
Campos Construction Inc,,,,3.8,Rockford,IL,3.8,0,25,COLD
Creative Concrete & Landscape,,,,3.7,Rockford,IL,3.7,0,25,COLD
Auto Beautifiers,,,,3.9,Rockford,IL,3.9,0,25,COLD
P M Body Shop,,,,3.6,Rockford,IL,3.6,0,25,COLD
Maggio Truck Center,,,,3.9,Rockford,IL,3.9,0,25,COLD
JX Truck Center - Rockford,,,,3.8,Rockford,IL,3.8,0,25,COLD
J & A Fleet Maintenenace,,,,3.7,Rockford,IL,3.7,0,25,COLD
AAR,,,,3.6,Rockford,IL,3.6,0,25,COLD
Meiborg Brothers Inc,,,,3.5,Rockford,IL,3.5,0,25,COLD
Moman Construction,,,,3.9,Rockford,IL,3.9,0,25,COLD
IMI Precision Engineering Rockford,,,,3.7,Rockford,IL,3.7,0,25,COLD
RMI Steel,,,,3.6,Rockford,IL,3.6,0,25,COLD
Miller Engineering Co,,,,3.8,Rockford,IL,3.8,0,25,COLD
Auto Outlets USA,,,,3.9,Rockford,IL,3.9,0,25,COLD
Equipment Depot - Rockford,,,,3.7,Rockford,IL,3.7,0,25,COLD
Briggs Floor Sanding & Refinishing,,,,3.6,Rockford,IL,3.6,0,25,COLD
mr sealer inc,,,,Open 24 hours,Rockford,IL,0,0,20,COLD
Foxy Flooring,,,,· 7836 N 2nd St,Rockford,IL,0,0,20,COLD
Cobra Concrete Cutting Services Co.,,,,· 1910 23rd Ave,Rockford,IL,0,0,20,COLD
F & S Concrete Co,,,,Open 24 hours,Rockford,IL,0,0,20,COLD
Beechner Heat Treating Company Inc.,,,,3.0,Rockford,IL,3,0,20,COLD
Sub Source Inc,,,,3.4,Rockford,IL,3.4,0,20,COLD
Northern Illinois Eco-Blasting,,,,1.0,Rockford,IL,1,0,20,COLD
Speedway Auto Mall,,,,3.4,Rockford,IL,3.4,0,20,COLD
Alonso's Body Shop,,,,3.3,Rockford,IL,3.3,0,20,COLD
FAST LANE FLEET SERVICES,,,,Open · Closes 5 PM,Rockford,IL,0,0,20,COLD
Rockford Structures Construction Company,,,,3.0,Rockford,IL,3,0,20,COLD
PCI,,,,3.0,Rockford,IL,3,0,20,COLD
Fastenal Fulfillment Center,,,,2.0,Rockford,IL,2,0,20,COLD
ABM - Facility Services,,,,2.1,Rockford,IL,2.1,0,20,COLD
Midwest Millwright Services Inc.,,,,· 3025 Wallin Ave,Rockford,IL,0,0,20,COLD
Surface Maintenance Services Inc,,,,2.3,Rockford,IL,2.3,0,20,COLD
Rock Valley Industries LLC,,,,3.4,Rockford,IL,3.4,0,20,COLD
Contemporary Hammer Works Inc,,,,· 750 N Madison St,Rockford,IL,0,0,20,COLD
ROCKFORD CONTRACTORS,,,,· 7300 Edward Dr,Rockford,IL,0,0,20,COLD
"MDM Construction Supply, LLC",,,,· 815 N Church St,Rockford,IL,0,0,20,COLD
Gunite Corporation,,,,3.4,Rockford,IL,3.4,0,20,COLD
"Area Erectors, Inc.",,,,3.3,Rockford,IL,3.3,0,20,COLD
"General Mills Corp. (United Facilities, Inc.)",,,,3.2,Rockford,IL,3.2,0,20,COLD
Commercial Flooring Contractors,,,,· 5283 Zenith Pkwy,Rockford,IL,0,0,20,COLD
